create database sales_orders_employees;
go 
use sales_orders_employees;
go 

CREATE TABLE salesman (
    salesman_id INT PRIMARY KEY,
    name VARCHAR(50),
    city VARCHAR(50),
    commission DECIMAL(4,2)
);

go

INSERT INTO salesman (salesman_id, name, city, commission) VALUES
(5001, 'James Hoog', 'New York', 0.15),
(5002, 'Nail Knite', 'Paris', 0.13),
(5005, 'Pit Alex', 'London', 0.11),
(5006, 'Mc Lyon', 'Paris', 0.14),
(5003, 'Lauson Hen', 'San Jose', 0.12),
(5007, 'Paul Adam', 'Rome', 0.13);

CREATE TABLE customer (
    customer_id INT PRIMARY KEY,
    cust_name VARCHAR(50),
    city VARCHAR(50),
    grade INT,
    salesman_id INT,
    FOREIGN KEY (salesman_id) REFERENCES salesman(salesman_id)
);

go

INSERT INTO customer (customer_id, cust_name, city, grade, salesman_id) VALUES
(3002, 'Nick Rimando', 'New York', 100, 5001),
(3005, 'Graham Zusi', 'California', 200, 5002),
(3001, 'Brad Guzan', 'London', 100, 5005),
(3004, 'Fabian Johns', 'Paris', 300, 5006),
(3007, 'Brad Davis', 'New York', 200, 5001),
(3009, 'Geoff Camero', 'Berlin', 100, 5003),
(3008, 'Julian Green', 'London', 300, 5002),
(3003, 'Jozy Altidor', 'Moncow', 200, 5007);

CREATE TABLE orders (
    ord_no INT PRIMARY KEY,
    purch_amt DECIMAL(10,2),
    ord_date DATE,
    customer_id INT,
    salesman_id INT,
    FOREIGN KEY (customer_id) REFERENCES customer(customer_id),
    FOREIGN KEY (salesman_id) REFERENCES salesman(salesman_id)
);

go

INSERT INTO orders (ord_no, purch_amt, ord_date, customer_id, salesman_id) VALUES
(70001, 150.50, '2012-10-05', 3005, 5002),
(70009, 270.65, '2012-09-10', 3001, 5005),
(70002, 65.26,  '2012-10-05', 3002, 5001),
(70004, 110.50, '2012-08-17', 3009, 5003),
(70007, 948.50, '2012-09-10', 3005, 5002),
(70005, 2400.60,'2012-07-27', 3007, 5001),
(70008, 5760.00,'2012-09-10', 3002, 5001),
(70010, 1983.43,'2012-10-10', 3004, 5006),
(70003, 2480.40,'2012-10-10', 3009, 5003),
(70012, 250.45, '2012-06-27', 3008, 5002),
(70011, 75.29,  '2012-08-17', 3003, 5007),
(70013, 3045.60,'2012-04-25', 3002, 5001);


CREATE TABLE emp_department (
    dpt_code INT PRIMARY KEY,
    dpt_name VARCHAR(50),
    dpt_allotment DECIMAL(12,2)
);

go 

INSERT INTO emp_department (dpt_code, dpt_name, dpt_allotment) VALUES
(57, 'IT', 65000),
(63, 'Finance', 15000),
(47, 'HR', 240000),
(27, 'RD', 55000),
(89, 'QC', 75000);


CREATE TABLE emp_details (
    emp_idno INT PRIMARY KEY,
    emp_fname VARCHAR(50),
    emp_lname VARCHAR(50),
    emp_dept INT,
    FOREIGN KEY (emp_dept) REFERENCES emp_department(dpt_code)
);

go
INSERT INTO emp_details (emp_idno, emp_fname, emp_lname, emp_dept) VALUES
(127323, 'Michale', 'Robbin', 57),
(526689, 'Carlos', 'Snares', 63),
(843795, 'Enric', 'Dosio', 57),
(328717, 'Jhon', 'Snares', 63),
(444527, 'Joseph', 'Dosni', 47),
(659831, 'Zanifer', 'Emily', 47),
(847674, 'Kuleswar', 'Sitaraman', 57),
(748681, 'Henrey', 'Gabriel', 47),
(555935, 'Alex', 'Manuel', 57),
(539569, 'George', 'Mardy', 27),
(733843, 'Mario', 'Saule', 63),
(631548, 'Alan', 'Snappy', 27),
(839139, 'Maria', 'Foster', 57);

select customer_id,ord_no,purch_amt from orders o
where purch_amt >(select AVG(purch_amt)from orders where customer_id = O.customer_id)

select ord_date,SUM(purch_amt) AS total_amount from orders
group by ord_date having SUM(purch_amt) >= (select MAX(purch_amt) from orders o2
where o2.ord_date = orders.ord_date) +1000 

select DISTINCT salesman_id,name from salesman s 
where name < ANY (select cust_name from customer)

select ord_no,customer_id,purch_amt from orders
where purch_amt >ANY (select purch_amt from orders where ord_date = '2012-09-10')

select ord_no,customer_id,purch_amt from orders
where purch_amt < ALL (select MAX(purch_amt) from orders o join customer c on o.customer_id = c.customer_id where c.city = 'London')

select d.dpt_name from emp_department d
join emp_details e on d.dpt_code = e.emp_dept group by d.dpt_name having COUNT(e.emp_idno)>2